1,riya,kishore,dixit,female,riyad@gmail.com,9875478547,riya palace   sion  mumbai,February-5-1991,mumbai,delhi,October-10-2016
2,rajsheri,krishna,parkhe,female,rajeshrip25@yahoo.com,9876543210,5-5 xyz street   thane  mumbai,December-13-1990,mumbai,Tiruvanantapuram,September-9-2016
3,jacob,robert,taylor,male,jtaylor@gmail.com,7894561230,bldg 15-13 agar bazzar   delhi,June-20-1988,delhi,mumbai,February-30-2016
4,bella,robert,swan,female,bella19@yahoo.com,8796547895,gandhinagar  mumbai,September-23-1990,mumbai,goa,December-20-2016
5,maya,rajesh,patil,female,patil.maya@gmail.com,9861749734,near chocolate factory   mumbai,August20-1978,delhi,Cochin,September-9-2016
6,raj,pratik,morkhade,male,rajmorkhake@gmail.com,9632587410,venus appt   worli  mumbai,May-15-1987,mumbai,Calicut,September-9-2016
7,lakshmi,narayan,naik,female,laksmi.nair@yahoo.in,8796584784,chennai,May-8-1990,chennai,delhi,October-11-2016
8,ranbir,rishi,kapoor,male,rk_rocks@gmail.com,9875411125,film city  mumbai,June-19-1987,mumbai,Srinagar,November-11-2016
9,aishwarya,abhishek,rai,female,ash_rai@gmail.com,9636363847,galaxy appt  mumbai,February-11-1985,mumbai,jammu,November-11-2016
10,Anushka,Kamlesh,sharma,female,anu.sharma@yahoo.in,8799898985,govt colony  mumbai,February-8-1983,mumbai,goa,December-20-2016
11,ranveer,kishore,singh,male,singh.ranveer@gmail.com,9333647595,roxy villa  delhi,November-15-1978,delhi,Cochin,September-9-2016
12,kapil,vinod,ghokle,male,ghokle02@hotmail.com,8787879691,patil prestige  mumbai,May-5-1969,mumbai,Srinagar,November-11-2016
13,billu,Jagdu,patil,male,patil.billu@yahoo.co.in,7898985759,fashion street  mumbai,July-16-1978,mumai,goa,December-20-2016
14,maya,billu,patil,female,mayap@yahoo.co.in,9821344987,fashion street   mumbai,July-16-1978,mumbai,goa,December-20-2016
15,mashoor,vinod,gulati,male,galati_mashoor@gmail.com,8787879613,goregaon mumbai,August-14-1954,mumbai,delhi,October-10-2016
16,palak,rahul,bacchan,female,pb1985@yahoo.com,9857414785,xt street  chennai,October-14-1985,mumbai,delhi,October-10-2016
17,arjun,pandu,yadav,male,arjun14@hotmail.com,8888888472,4  indraprasta  delhi,May-09-1986,delhi,mumbai,December-30-2016
18,draupadi,arjun,yadav,female,d_yadav@hotmail.com,8787888882,4   indraprasta    delhi,April-25-1990,delhi,mumbai,December-30-2016
19,bheem,pandu,yadab,male,laddoo@gmail.com,8759724816,5   indraprasta  delhi,August17-1984,delhi,mumbai,December-30-2016
20,krishna,rajesh,yadav,male,krishnayadav@yahoo.in,9582487545,film city  mumbai,May-7-1958,mumbai,goa,December-20-2016
21,shagun,raman,arora,female,shagun.arora@gmail.com,9519517530,star apartment  mumbai,March-26-1975,mumbai,Gangtok,April-16-2016
22,romi,kunal,bhalla,male,romi_bhalla@hotmail.com,8517156702,A-25 star appartment  mumbai,July-29-1978,mumbai,Gangtok,April-16-2013
23,farahan,tommy,aktar,male,farahan_aktar@gmail.com,9977778546,g6 chor bazzar   mumbai,Janaury-25-1973,mumbai,Gangtok,April-16-2016
24,ishita,mani,iyer,female,iyer_ishu@yahoo.co.in,9427134848,hanuman galli  mumbai,February-05-1977,mumbai,shimla,May-15-2016
25,mani,krishna,iyer,male,mani_iyer@yahoo.in,7957519191,hanuman gali  mumbai,Janaury-15-2001,mumbai,shimla,May-15-2016
26,ruhi,mani,iyer,female,mani_iyer@yahoo.in,7957519191,hanuman gali  mumbai,June 25th  01,mumbai,shimla,May-15-2016
27,ruhan,mani,iyer,male,mani_iyer@yahoo.in,7957519191,hanuman gali  mumbai,May-20-2001,mumbai,shimla,May-15-2016
28,kirti,rajendra,chaudhari,female,chaudhari.kirti@gmail.com,8795171591,bright land   thane,July-23-1996,mumbai,Trivandrum,June-27-2016
29,mihika,romi,bhalla,female,mikhubhalla@hotmmail.com,8796325910,A- 25 star apartment  mumbai,August29-1979,mumbai,Gangtok,April-16-2013
30,bharat,drona,pawar,male,pawar1bharat@gmail.com,9871381761,bright land   thane,November-18-1990,mumbai,Tiruvanantapuram,June-27-2016
31,rajni,shantanu,kant,female,rajnikant@gmail.com,9871381758,bright land   thane,February-16-1990,mumbai,Cochin,June-27-2016
32,shantanu,amrish,kant,male,shan_kant@gnmail.com,9871319761,bright land   thane,June-15-1992,mumbai,Calicut,June-27-2016
33,riya,baburao,doshni,female,riya.doshi@gmail.com,9831316435,chennai,Janaury25-1998,mumbai,Cochin,June-27-2015
34,amrish,kapil,kant,male,amrishkant@yahoo.com,9868487239,bright land   thane,December-30-1952,mumbai,Tiruvanantapuram,June-27-2016
35,surli,amrish,kant,female,surilikant@gmail.com,9868487239,bright land   thane,July-19-1955,mumbai,Cochin,June-27-2016
36,marilyn,johny,d'souza,female,marilyn.dzouza@hotmail.com,9657191986,mumbai,May-23-1972,mumbai,goa,December-20-2016
37,rozy ,johny,d'souza,female,rozy.dzouza@hotmail.com,9657191987,mumbai,May-23-1972,mumbai,goa,December-20-2016
38,krish,Viany,parker,male,krishparker@gmail.com,9621475100,gandhi maidan  mumbai,February-11-1991,mumbai,goa,December-28-2016
39,devika,krish,parker,female,dk.parker@gmail.com,7891124860,dadar  mumbai,May-11-1992,mumbai,goa,December-28-2016
40,swati,premchand,patil,female,swati.paril768@gmail.com,8855779944,dombivali,June-16-1995,mumbai,goa,December-28-2016
41,kalpesh,ganesh,patil,male,kalpesh@gmail.com,8855558490,ghatkopar,April-17-1994,mumbai,goa,December-28-2016
42,mitali,suresh,patil,female,patil.mamta@gmail.com,8855558490,ghatkopar,April-17-1990,mumbai,goa,December-28-2016
43,manasi,vikrant,deshpande,female,manu.mansi@gmail.com,9757363405,powai  mumbai,April-10-1989,mumbai,Jaipur,October-17-2016
44,vinod,sachin,kambli,male,kambli.vinod@gmail.com,9765340816,powai  mumbai,July-1-1988,mumbai,Jodhpur,October-17-2016
45,anish,ramkrishna,kulkarni,male,anish_kulkarni@gmail.com,9657191986,mulund  mumbai,September-5-2002,mumbai,Jaipur,October-17-2016
46,ameya,ramkrishna,kulkarni,male,ameya.kulkarni@gmail.com,9657191987,mulund  mumbai,October-2-1998,mumbai,Jaipur,October-17-2016
47,manisha,ramkrishna,kulkarni,female,manishakulkarni@gmail.com,9657191988,mulund  mumbai,November-9-1973,mumbai,Jodhpur,October-17-2016
48,mahesh,kisan,ghokle,male,mahesh.ghokle@yahoo.com,9851340031,sion circle  mumbai,November-3-1957,mumbai,delhi,May-15-2016
49,riddhi,ganesh,deshpande,female,riddhi.deshpande@gmail.com,9657181875,goregao  mumbai,September-12-1961,mumbai,delhi,May-5-2016
50,manasvi,Yashawant,bhadane,female,manasaviB@gmail.com,9636300846,marine lines  mumbai,Janaury-09-1990,mumbai,delhi,May-05-2016
51,Gauri,Gautam,Deshpande,female,gaurideshpande@gmail.com,9231567890,Thane.,December-15-1995,Mumbai,Dehradun,April-05-2016
52,Swati,Rajendra,Kadam,female,skadam200@gmail.com,9029716367,santacruz  mumbai,November-10-2000,Mumbai,Nagpur,November-10-2016
53,Ranish,Gajendra,Jain,male,jainranish95@gmail.com,8231456721,Navkar lane  Amritsar,May-06-2011,Amritsar,Delhi,Janaury-09-2016
54,Shubham,Sanjay,Barve,female,barveshubham12@gmail.com,9404211519,sector 16  udayan path.Chandigarh,June-11-2001,Chandigarh,Mumbai,September-05-2016
55,Harsh,Jainam,Sheth,male,shethh11@gmail.com,9022059537,Arya nagar.Guwahati,May-10-1995,Guwahati,Ahmedabad,April-07-2016
56,Taha,John,Khangiwala,male,tahask53@gmail.com,8082373750,bhaupada colony  chandigarh,September-01--1998,Chandigarh,Jaipur,December-04-2016
57,Faeez,Feroz,Banda,male,faeezb@gmail.com,9167281666,Quereshi residence  Kolkata,July-04-1995,Kolkata,Srinagar,April-04-2016
58,Keyur,Milind,Doshi,male,dkeyur1@gmail.com,8286947334,Mannat Residence  Gangtok,July-10-1973,Gangtok,Delhi,April-05-2016
59,Abhishek,Vinayak,Jikamde,male,abhi371995@gmail.com,9769237540,Aakash nagar  Amritsar,December-04-1964,Amritsar,Diu,September-10-2017
60,Akshay,Shankar,Nalawde,male,nalawdwakshay902@gmail.com,8082285016,Naupada west  Itanagr,November-25-1998,Itanagar,Kolkata,December-05-2016
61,Indu,Vikrant,Pandey,female,indupandey15@gmail.com,9930977856,Madhavpura  sector A  Bhogapuram,July-03-1993,Bhubaneshwar,Banglore,November-11-2016
62,Vishal,Chandrakant,Vind,male,vishalvindjain@gmail.com,9022510332,sector 17  jan marg Chandigarh,January-15-1992,Chandigarh,Manglore,December-02-2016
63,Nitesh,Nilesh,Kharwar,male,kharwarnitesh1995@gmail.com,9029250361,Rajib Nagar  central mall Guwahati,December-02-1992,Guwahati,Aizawl,July-11-2016
64,Ninad,Bhairav,Sant,male,ninadsant54@yahoo.com,9920095755,Queen's Royal palace  Guwahati,November-12-1990,Guwahati,Jaipur,September-02-2016
65,Aakash,Gurpreet,Singh,male,akashsinghk02@gmail.com,9087564712,Phase-1  Brightland  Shillong,October-08-1989,Shillong,Jodhpur,August-03-2016
66,Akshay,Suresh,Wadkr,male,akshaywadkr.19@gmail.com,9123634879,21  shivalik vihar Chandigarh,September-09-1994,Chandigarh,Nagpur,December-05-2016
67,Mamta,Ashok,Chaudhari,female,chaudharimamta1@gmail.com,9012678590,Yahaswi Nagar  Patna,December-04-1991,Patna,Mumbai,September-10-2016
68,Rekha,Ganesh,Pawar,female,pawarrekha73@gmail.com,9421569233,Highland residency  Bhubaneshwar,October-23-2000,Bhubaneshwar,Gangtok,July-09-2017
69,Nutan,Prakash,Borase,female,borasenutan.78@yahoo.com,9422619740,Dhokali east  Aizawl,December-12-1987,Aizawl,Jammu,December-12-2016
70,Prakash,Manu,chopra,male,prakashchopra@rediffmail.com,8879940138,A-sector  Itanagar,June-13-1901,Itanagar,Leh,December-12-2016
71,Vidya,Shashank,Pendse,female,vidyapendse@gmail.com,9833971480,Thingham leikI  Imphal,September-18-1887,Imphal,Jaipur,September-10-2017
72,Juii,Ashok,Mathur,female,mathurjuii2000@gmail.com,9619983667,Patlipada  Gaya,May-09-1974,Gaya,Nagpur,September-19-2016
73,Nilesh,Sunil,Khanna,male,nileshskhanna@yahoo.com,9619207443,Sector-E  B wing  Goa,December-31-1985,Goa,Pune,October-06-2016
74,Dipmala,Shashank,Kelkar,female,kelkar.dipmala92@gmail.com,9833269802,Indira gandhi park  BBplaza Itanagar,October-13-1999,Itanagar,Mumbai,February-21-2016
75,Rajendra,Manoj,Chaudhari,male,rkchaudhari64@gmail.com,9967007513,Block E  Vikas nagar.Chandigarh,April-09-1989,Chandigarh,Banglore,April-27-2017
76,Ganesh,Arun,Kulkarni,male,ganeshtk@gmail.com,9820291314,Oinam Thingel  Imphal,July-08-2000,Imphal,Jodhpur,May-04-2016
77,Namdeo,Jagannath,Deshpande,male,namdeodeshpande31@gmail.com,9960670872,Raps mansion  MG road Shillong,August-15-1983,Shillong,Ahmedabad,August-19-2016
78,Jayesh,Rajendra,Deshmukh,male,deshmukhjayesh761@yahoo.com,7096929629,Rustom Residency  Bhubaneshwar,November-16-1978,Bhubaneshwar,Srinagar,September-20-2016
79,Nirmala,Jijabrao,Karle,female,nirmalajkarle@rediffmail.com,9222424211,Private street St-100  Itanagar,August-10-1972,Itanagar,Kolkata,October-20-2016
80,Vatsala,Ganesh,Bhamre,female,vatsalabhamre1200@gmail.com,9414222870,Land ofGreen Ginger Residence  Bhubaneshwar,December-11-1995,Bhubaneshwar,Gangtok,November-20-2016
81,Kamal,Raj,Parikh,male,parikhkamal34@rediffmail.com,9404567111,Baker Street  Guwahati,March-06-1986,Guwahati,Goa,December-28-2016
82,Kashinath,Harchand,Devre,male,kashinathharchand@yahoo.com,9195941531,Bhimashankar Residence  Imphal,May-04-2000,Imphal,Goa,October-29-2016
83,Shivprasad,Ramprasad,Ahuja,male,shivprasad.ahuja@gmail.com,9594153191,Majiwada  D-phase  Shillong,September-12-1987,Shillong,Mumbai,June-07-2016
84,Xavier,Andrew,D'souza,male,xavierdsouza@yahoo.com,9820275535,khamnam leirak  Imphal,August-06-1968,Imphal,Pune,March-11-2016
85,Komal,Mohit,Vaswani,female,komalmvasvani@gmail.com,9822000489,secreatriat hills  Shillong,September-01-1994,Shillong,Jaipur,June-12-2016
86,Naveen,Milind,Shinde,male,shindenaveen56@rediffmail.com,9403953800,Elephant Falls  Shillong,October-10-1990,Shillong,Srinagar,July-31-2016
87,Pranav,Vinayak,More,male,pranav.v@gmail.com,8369968746,Sunderpur  Manik Nagar  Guwahati,November-09-1988,Guwahati,Nagpur,September-12-2016
88,Pamela,Xavier,D'costa,female,pameladcosta@yahoo.com,9922410381,khiam fashion  vip road Itanagar,October-09-1988,Itanagar,Ahmedabad,December-12-2016
89,Mona,Udit,Acharya,female,acharyamona.u@gmail.com,9604273004,professors colony  block 3 Shillong,July-21-1991,Shillong,Amritsar,October-06-2016
90,Shubhangi,Samadhan,Agarwal,female,sshubhangi@gmail.com,9820413353,Kuki baptistRoad  Imphal,November-25-1998,Imphal,Chandigarh,December-10-2016
91,Nandini,Aaditya,patel,female,patelnandini786@gmail.com,9773836409,CK Market  DL Block  Patna,May-31-1970,Patna,Mumbai,October-12-2016
92,Suvarna,Amar,Sandhbhor,female,sandhbhorsuvarna@yahoo.com,9769095602,Vigyan path  Sector-4  Chandigarh,April-30-1975,Chandigarh,Delhi,March-04-2016
93,Nitin,Anand,Bhatia,male,bhatian@gmail.com,9594409068,Bishnupur baptist church Shillong,March-15-1990,Shillong,Banglore,June-05-2016
94,Rakesh,Anil,Kapoor,male,kapoorrakesha67@gmail.com,9819839363,Block A  Brit colony bhubaneshwar,June-19-1995,Bhubaneshwar,Manglore,October-02-2016
95,Ramesh,Amitabh,Bacchan,male,bachhanramesh68@yahoo.com,9515362687,Bishnu Rabha Residence  Guwahati,February-22-1992,Guwahati,Jaipur,May-23-2016
96,Rajnish,Gurpreet,Saigal,male,rajnishsaigal27@gmail.com,7045279233,Udyog path  Chandigarh,July-26-1980,Chandigarh,Ahmedabad,June-07-2016
97,Vilas,Anuj,Srivastava,male,srivastava.v17@rediffmail.com,9970816052,Gotankot  Sector-c  Imphal,August-21-1967,Imphal,Jodhpur,August-09-2016
98,Vijay,Anupam,Kambli,male,kambli.vijay@gmail.com,7710863220,God mawlai  savio road Shillong,December-04-1967,Shillong,Srinagar,September-08-2016
99,Mohnish,Mukesh,Bhatia,male,bhatiam@gamil.com,7738822882,manipuri rajbari  AM road Guwahati,April-07-2000,Guwahati,Itanagar,November-25-2016
100,Renjith,kizhakoodan,Parameshwaran,male,renjith@gmail.com,9167541982,kodakara  trichur,February-05-1991,Trichur,Kolkata,May-11-2016
101,Remya,chandar,Binesh,female,remya.binesh@gmail.com,9029930875,kodali  kellur,May-09-1990,kellur,Srinagar,December-22-2016
102,Anandhu,Bharathan,Nair,male,anandhu.nair@gmail.com,9897676549,koilandi  aluva,June-20-1998,aluva,Kolkata,May-11-2016
103,Aadarsh,Gopi,Nambiar,male,aadharsh@gmail.com,9876548820,ambalapuzha  alluva,September-23-1990,alluva,Gangtok,January-02-2016
104,Aarti,Ramesh,Warrior,female,aarti.war@gmail.com,8023456758,kudapuzha  kazakode,August-20-1978,kazakode,Darjiling,April-25-2016
105,Shiva,Rajan,Pulikodan,male,shiva.pulikodan@gmail.com,5678908765,manjur  richur,May-15-1987,trichur,Mumbai,April-25-2016
106,Hari,Rajan,Pulikodan,male,hari.raj@gmail.com,1234843789,shaktan stand  ernakulam,May-08-1990,ernakulam,Goa,April-25-2016
107,Shilpa,Shridhar,Iyer,female,shilpa_iyer@gmail.com,9876548965,sivakasi  madurai,June-19-1987,madurai,Jaipur,November-20-2016
108,Padma,Gopal,Pillai,female,padma_gopal@gmail.com,4567890876,kodampakam  salem,December-11-1985,salem,jammu,December-02-2016
109,Rakesh,Sasi,Panicker,male,rakesh.pillai@gmail.com,9897675467,pachikotai  kannur,December-08-1983,kannur,bhopal,August-25-2016
110,Sita,Ramesh,Iyengar,female,sita1990@gmail.com,9167541985,irupamkulam  tirunalveli,November-15-1978,tiruneveli,kolkata,November-05-2016
111,Nikhil,Nitin,Panicker,male,pawarnik@gmail.com,9167541955,stgeorge street  ernakulam,May-05-1969,ernakulam,goa,December-20-2016
112,Chinmay,Nitin,Pillai,male,chinupawar@gmail.com,9165476549,shaktan street  trivandram,July-16-1978,trivandram,goa,December-20-2016
113,Swati,Sivadas,Tiya,female,swati.patil@gmail.com,9034567897,kodannur  chengannur,July-16-1978,chengannur,Mumbai,December-28-2016
114,Shraddha,Ganesh,Ezhava,female,shraddha.ganesh@gmail.com,7896567890,avitapilly  trichur,October-14-1985,trichur,Hyderabad,December-28-2016
115,Kishor,Abhi,Tewar,male,kishorabhi@gmail.com,9589545676,kaipamkulam  nagarcoil,October-14-1985,nagarcoil,Srinagar,December-28-2016
116,Kalyani,Abhi,Tewar,female,kalyani_tewar@gmail.com,9178778654,kaipamkulam  nagarcoil,April-14-1986,nagarcoil,Jaipur,December-28-2016
117,Praveen ,Samuel,Nadar,male,praveen.nad@gmail.com,9065678904,saudarpettai  nagarcoil,April-25-1990,nagarcoil,Jodhpur,December-28-2016
118,Sam,Nagesh,Aaron,male,sam67@gmail.com,9012467994,theni  tootukudi,August-17-1984,tootukudi,Mumbai,October-17-2016
119,Prashant,Swaminathan,Warrior,male,prash_war@gmail.com,9167856454,guru street  kayamkulam,July-5-1958,kayamkulam,Diu,October-17-2016
120,Shriya,Sasi,Modi,female,shriyamodi95@gmail.com,9876898789,gnagar strt  gandhinagar,March-26-1975,Gandhinagar,Diu,October-17-2016
121,Priya,Prakash,Advani,female,priya.advani@gmail.com,9167564367,picnagar strt  salem,July-29-1978,salem,Ahmedabad,October-17-2016
122,Sarana ,Sri,Naveli ,female,sarana.naveli@gmail.com,9098786533,sivakasi  madurai,Janaury-25-1973,madurai,"Allahabad
",October-17-2016
123,Alex,Jason,Nadar,male,alexnadar@gmail.com,9012324533,sevai nagar nagarcoil,February-27-1977,nagarcoil,"Gangtok
",May-15-2016
124,Aleena,Alex,Nadar,female,alena.alex76@gmail.com,9723434546,sevai nagar nagarcoil,Janaury-26-1976,nagarcoil,ahmedabad,September-17-2016
125,Ashana,Nagapa,Reddy,female,ashanareddy@gmail.com,8034356543,Bhishnu nagar  cochin,June-25-2001,cochin,Mumbai,December-30-2016
126,Aadvaid,Arjun,Rao,male,aadvaid.arjun@gmail.com,8145534545,kisan nagar  cochin,March-25-2001,cochin,Jaipur,April-08-2016
127,Arshi,Muhammad,Shetty,female,arshi.muh@gmail.com,7654389087,The green's residences  Thiruvalla,April-07-1995,trivandrum,Jodhpur,April-18-2016
128,Alfia,khan,sudan,female,alfiakhan@gmail.com,9014567654,The Francis residence  cochin,August-29-1977,cochin,Srinagar,May-05-2016
129,Afreen,Alam,Mujliz,female,afreen.mujliz@gmail.com,9017545788,sivakasi  kodaikanal,November-18-1990,kannur,jammu,October-15-2016
130,Priyanka,Praveen,Poojari,female,priya.praveen@gmail.com,9167545446,Gowri residence  calicut,February-16-1990,calicut,srinagar,October-11-2016
131,Reshma,Praveen,Nair,female,reshunair@gmail.com,9167545634,Virudhunagar  Trivandrum,June-15-1992,trivandrum,lucknow,September-18-2016
132,Sari,Selvaraj,Nambiar,male,sariselvaraj@gmail.com,8096765434,Abdulrahiman nagar  Trivandrum,Janaury-25-1998,trivandrum,kolkata,November-05-2016
133,Selvaraj,Janardhanan,Nambeesan,male,raj.janard@gmail.com,8986564342,Kohinoor road  Cochin,December-13-1952,cochin,itanagar,October-15-2016
134,Anurag,Rupesh,Kurup,male,anurag.kurup@gmail.com,8789675432,valakkandi  Kohinoor,July-19-1955,kannur,hyderabad,August-25-2016
135,Akhil,Shajan,Olkuran ,male,akhilshajan@gmail.com,9134256789,Krishna Cottage  Kannur,May-23-1972,Kannur,"Allahabad
",August-16-2016
136,Sheeba,Shajan,Olkuran ,female,sheeba.olkuran@gmail.com,9067545676,Pokayur road  Trivandrum,May-23-1972,trivandrum,Itanagar,October-15-2016
137,Shajan,Chandran,Kalingapuram,male,shaj.chan1987@gmail.com,9234676548,pantherrangdi  trivandrum,February-11-1991,trivandrum,Kolkata,July-22-2016
138,Valsala,Narayan,Rao,female,valasala.rao@gmail.com,9012345565,cheeramangalam residence  cochin,May-11-1992,cochin,Gangtok,April-22-2016
139,Sasikala,Raman,Reddy,female,sasikala.@gmail.com,8098675654,tanurottupuram road  kennur,June-16-1995,kennur,Shimla,December-22-2016
140,Shamala,Tangapa,Poojari,female,shamala.poojari@gmail.com,8167545547,gajuwaka naka  Vishakhapatnam,April-17-1994,Vishakhapatnam,shimla,December-22-2016
141,Janardhan,Karthikaraj,Moopnar,male,janard.karthikaraj@gmail.com,8990755559,Dolphin road  Vishakhapatnam,April-17-1990,Vishakhapatnam,shimla,December-22-2016
142,Manikandan,Hariharan,Konar,male,mani.konar@gmail.com,9012434567,Bowdra ring road  Tirupati,April-10-1989,Tirupati,Jodhpur,April-26-2016
143,Shiju,Siddesh,Vishwakarma,male,shiju.vishwa@gmail.com,8907654678,Madhurawada  Vijaywada,July-01-1988,Vijaywada,Jaipur,April-26-2016
144,Sujata,Mayur,Iyer,female,sujata.iyer@gmail.com,8765345544,bhishan nagar  Cuddappa,September-05-1982,Cuddappa,Jodhpur,April-26-2016
145,Shweta,Sudarshan,Tiya,female,shwetasud@gmail.com,9819376689,chendni road  Vishakhapatnam,October-02-1988,Vishakhapatnam,Gangtok,April-16-2016
146,Sriram,Raghuraj,Shetty,male,sriram@gmail.com,9167566778,Pirojshahnagar  vijaywada,November-09-1973,vijaywada,Srinagar,April-26-2016
147,Madhav,Harish,Iyengar,male,madhaviyengar@gmail.com,9877777775,bhramari colony  Cuddappa,March-11-1957,cuddappa,Jammu,April-26-2016
148,Jyotsana,Raghav,Malliyakal,female,jyotsana.malli@gmail.com,8067676767,Greencity club  Vishakhapatnam,December-09-1961,Vishakhapatnam,Shimla,April-26-2016
149,Aishwarya,Abhishek, Rai,female,aish_rai@gmail.com,7877676565,Bhaudas residence  Vijaywada,Janaury-9-1990,vijaywada,Shimla,April-26-2016
150,Sushant,ravindra,SinghRajput,male,sushant.singhrajput@gmail.com,8958265926,hamuman gali   jaipur,July-12-1995,jaipur,mumbai,July-16-2016
151,rutuja,kashinath,raut,female,rutuja.raut@gmail.com,9739481949,Bhagwat society  jaipur,October-11-2000,jaipur,goa,December-25-2016
152,rachen,barren,green,female,rachel.green@gmail.com,7638492729,18   central perk  goa,June-05-2011,goa,pune,August-30-2016
153,emma,ross,geller,female,ema.gellar@hotmail.com,7638492730,18  central perk  goa,November-06-2001,goa,mumbai,June-07-2016
154,ross,jack,geller,male,dinasours.ross@hotmail.con,8972026420,44   Newyork villa  goa,May-10-1995,goa,mumbai,June-07-2016
155,jack,dino,geller,male,jack.geller@yahoo.com,2794279419,11  longisland   goa,September-01-1998,goa,mumbai,June-07-2016
156,jude,jack,geller,female,friends.mom@yahoo.com,9264936282,11  longisland   goa,July-04-1995,goa,mumbai,June-07-2016
157,monica,chandler,bing,female,monica.bing@yahoo.com,9264925488,20   tusla park  goa,July-10-1973,goa,mumbai,June-07-2016
158,chandler,manik,bing,male,mrbing@gmail.com,8495648688,20   tusla park  goa,December-04-1964,goa,jaipur,November-06-2016
159,joey ,joey,tribbiani,male,joey.tr@gmail.com,9813584349,19  central perk  goa,November-25-1998,goa,jaipur,November-06-2016
160,phoebe,rinoo,buffay,female,buffay.phoebe@reddif.com,7284101649,33  opposite 20   tusla park  goa,July-3-1993,goa,jaipur,November-6-2016
161,mike,martin,kelsky,male,mike12@gmail com,9090909034,30   tusla park  goa,December-1-1992,goa,jaipur,November-6-2016
162,emily,rathine,Waltham,female,emilyfromlondon@gmail.com,9739164185,29   tusla park  goa,December-2-1992,goa,pune,November-6-2016
163,Barry ,russel,Farber,male,barry.dentist@gmail.com,8979273942,yahdia lane goa,November-12-1990,goa,pune,November-6-2016
164,carol,rossy,willick,female,carolwillick@yahoo.com,8533982491,northern road goa,October-8-1989,goa,chennai,November-6-2016
165,sussan,russ,willick,female,sussan.sussan@gmail.com,8613807310,northern  road goa,September-9-1994,goa,chennai,November-6-2016
166,ben,ross ,geller,female,geller.ben@yahoo.com,7532846285,northern road goa,December-4-1991,goa,chennai,November-6-2016
167,ursula ,steven,Buffay,female,ubuffay@gmail.con,8389589731,xyz villa goa,October-23-2000,goa,delhi,November-7-2016
168,amy,jack,green,female ,green.amy@gmail.ckm,9853684678,ralph rauren rd goa,December-12-1987,goa,delhi,November-7-2016
169,maya,ashwin,mehrotra,female,maya.mehrotra@hotmail.com,9756183884,near citymall mumbai,June-13-1901,mumbai,delhi,November-7-2016
170,arjun,ashwin,sharma,male,arjun.sharma@hotmail.com,9757364206,pink park   nagpur,September-18-1887,nagpur,goa,November-7-2016
171,ashwin,aditya,mehrotra,male,ashwin.mehrotra@gmail.com,9753846483,saudaagar society  nagpur,May-9--1974,nagpur,goa,November-7-2016
172,shaanj,bhim,sharma,female,shrama.shanj@yahoo.com,9873488648,suvarna residency  nagpur,December-31-1985,nagpur,diu,November-15-2016
173,suhani,y,birla,female,suhani.birla@gmail.com,8536278642,tulsi apartment  nagpur,October-13-1999,nagpur,diu,November-15-2016
174,naira,om,singhaniya,female,naira.singhaniya@yahoo.xom,9898986767,singhaniya bhavan  jaipur,October-18-1989,Jaipur,mumbai,July-6-2016
175,naksh,n,singhaniya,male,naksh.singhaniya@gmail.com,9898985656,singhaniya bhavan  jaipur,January-5-1985,Jaipur ,mumbai,October-15-2016
176,naksh,n,singhaniya,male,naksh.singhaniya@gmail.com,9898985656,singhaniya bhavan  jaipur,October-9-1965,Jaipur,mumbai,July-6-2016
177,rajan,rajat,jain,male,rajan.jain@gmail.com,7894562846,jain building  delhi,August-15-1978,Delhi,banglore,September-6-2015
178,rahul,eknath ,sharma,male,rsharma@hotmail.com,8956484646,shri rang villa  mumbai,February-8-1989,mumbai,banglore,December-20-2016
179,nikhil,yushan,patel,male,niks761@yahoo.com,9876187349,govardhan park  mumbai,February-7-1985,mumbai,banglore,December-20-2016
180,kunal,dilip,patil,male,kpatil.yummy@gmail.com,8761673491,vrindavan society  gandhi lane  mumbai,May-4-1995,mumbai,manglore,December-28-2016
181,eknath,nikhil,khadse,male,enk875534@yahoo.com,9639639635,satkar society  nagpur,January-12-1956,nagpur,manglore,December-28-2016
182,kshitij,param,kumar,male,kshitij876@gmail.com,9635396698,sai savli bldg  nagpur,March-7-1965,nagpur,manglore,December-28-2016
183,kumar,r,rajsingh,male,kumarsingh@yahoo.com,9865986721,om sai ganesh  nagpur,May-7-1988,nagpur,srinagar,December-28-2016
184,parth,rajiv,yadav,male,parthyadav434@gmail.com,9856975167,gurukripa society  nagpur,February-18-1964,nagpur,srinagar,December-28-2016
185,yugesh,d,kapoor,male,yugikids@yahoo.com,8655985695,gangamai society  mumbai,March-2-2002,mumbai,srinagar,October-17-2016
186,swayam,sudhir,iyer,male,swayam@hotmail.com,8523876456,om sai complex  mumbai,February-10-1989,mumbai,srinagar,October-17-2016
187,sagar,srikant,sawant ,male,sagars.tom@hotmail.com,7777755555,kalpataru tower  mumbai,July-18-1987,mumbai,pune,October-17-2016
188,rishikesh,g,gupta,male,rishikgupta@gmail.com,9638497565,shanti morada.goa,September-5-2002,goa,pune,October-17-2016
189,riddhi,ganesh,kale,female,rganesh@gamil.com,9876546482,dimelight quarters  goa,October-26-1998,goa,chennai,October-17-2016
190,rasika,shushant,shushant,female,shushant543@gmail.com,9632580288,shantiniketan park  goa,November-9-1973,goa,chennai,May-15-2016
191,ragini,k,iyer,female,raginiboxer@yahoo.com,9875789782,shree krishna society  delhi,March-17-1970,delhi,tirupati,April-4-2016
192,suvarna,kisan,rakshekar ,female,diamondgirl@hotmail.com,9632580850,jai shiv samarth  delhi,April-17-2004,delhi,tirupati,April-4-2016
193,sugandhika,eknath ,khare,female,sek654.rekha@gmail.com,9674114708,parmanand  delhi,February-28-1965,delhi,tirupati,April-4-2016
194,shrushti,harshal,jain,female,shrushtijain@gmail.com,9635280754,krishna bldg  delhi,June-09-1954,delhi,tirupati,April-4-2016
195,vinit,bhaskar,patil ,male,vpatil7665@hotmail.com,9874563210,kishan kanhiayya  delhi,August-15-1057,delhi,kolhapur,November-1-2016
196,diksha,madhadev,nair,female,dikshanair@yahoo.com,9632580741,teakwood rowhouse  kochi,July-30-1969,kochi,kolhapur,November-1-2016
197,snigdha,bhavesh,bhattacharjee,female,sdbhattacharjee@hotmail.com,9875632828,11  seema apartment  madurai,December-31-1965,madurai,kolhapur,November-1-2016
198,drishti,suresh,dhami,female,drishtishami@gmail.com,9999955555,27  shree society  chennai,November-11-1967,chennai,surat,November-11-2016
199,aditee,bhaskar,r,female,adu@yahoo.com,9875395682,shanti society  chennai,June-25-2004,chennai,surat,November-1-2016
200,aditya,n,shukla,male,aadi.hi@gmail.com,9999444444,riddhi siddhi society  banglore,April-04-1965,banglore,surat,November-2-2016
201,premchand,eknath,patil,male,prem.eknath@hotmail.com,7825252523,adhar heights  banglore,May-1-1973,banglore,madurai,November-1-2016
202,dilip,nivrutti,kirange,male,dilipkirange@yahoo.com,8682623846,kalpataru society  banglore,January-22-1956,banglore,madurai,November-1-2016
203,pratibha,dilip,patil,female,pratibha.patil@gmail.com,9123826652,prasad society  chennai,March-15-1965,chennai,kochi,November-1-2016
204,bhaskar,k,chaudhari,male,bhaskarchaudhari@hotmail.com,9999777252,anjali society  chennai,May-17-1988,chennai,kochi,November-1-2016
205,digambar,liladhar,patil,male,digambar@hotmail.com,9852368238,mangalam  madurai,February-18-1964,madurai,srinagar,November-23-2016
206,madhav,dharma,chaudhari,male,madhav.chaudhari@hotmail.com,9875268588,21  trivelli  madurai,March-2-2006,madurai,srinagar,November-9-2016
207,gopi,g,modi,female,gmodi46767@gmail.com,9526856845,5  trisha society  madurai,February-20-1989,madurai,jaipur,November-29-2016
208,supriya,r,nehte,female,supriyasinger@hotmail.com,9852398568,18  tirumalai  madurai,July-17-1957,madurai,jodhpur,November-29-2016
209,priyanka,y,sarode,female,piyasangeet@gmail.com,8248721875,roopa society  mysore,September-5-2004,mysore,jodhpur,November-29-2016
210,elena,h,dcruz,female,elenadcruz@hotmail.com,9852345754,darshan palace  mysore,August-29-1998,mysore,mumbai,November-29-2016
211,daisy,daniel,quadrus,femlae,daisybabez@yahoo.com,8731876896,orchid  paul lane  mysore,April-10-1989,mysore,pune,July-6-2016
212,daniel,f,radcliff,male,danielshooter@gmail.com,9632580764,indrabhavan  mysore,July-18-1987,mysore,mumbai,July-6-2016
213,heena,sharukh,khan,female,heenakhan@gmail.com,9872546187,dasprakash  mysore,September-5-2002,mysore,pune,July-6-2016
214,Helena,rashik,shroff,female,helena765@hotmail.com,9876454945,aishwarya residency  mysore,October-26-1998,mysore,hyderabad,November-11-2016
215,jia,kundan,khan,female,jiakhan5634@gmail.com,9876454945,11  pollachi apartment  coimbatore,November-9-1973,coimbatore,hyderabad,November-11-2016
216,ema,ross,geller,female,ema.hanger346@hotmail.com,7524876458,8  devanur society  coimbatore,November-26-1958,coimbatore,agra,November-11-2016
217,jasmine,d,thompson,female,thompson6567@hotmail.com,9753484649,kurichi towers  coimbatore,July-22-1971,coimbatore,agra,November-11-2016
218,karishma,varun,kapoor,female,kkpoor6453@gmail.com,9783484678,kanchanganga  coimbatore,January-15-1994,coimbatore,amritsar,November-13-2016
219,kareena,viren,kapoor,female,kareenababy@hotmail.com,9786457648,deonar park  coimbatore,November-17-1995,coimbatore,amritsar,November-11-2016
220,kritika,pravin,jain,female,kittupravin@gmail.com,8454655464,harshada society  coimbatore,April-18-1987,coimbatore,amritsar,November-11-2016
221,kartik,parthiv,jain,male,kartikgangster@hotmail.com,8464546854,trupati towers  tripati,July-14-1986,tirupati,jaipur,November-11-2016
222,ria,sashi,rai,female,riarai465@hotmail.com,9754645424,padmavati.tirupati,September-15-2002,tirupati,gangtok,November-11-2016
223,minama,sivakumar,iyer,female,minama345@gmail.com,9754975468,kapaleshwar apartment  tirupati,October-24-1998,tirupati,jaipur,November-11-2016
224,asha,s,mehta,female,ashalalit87@gmail.com,9362464348,omkareshwar residency  tirupati,November-9-1971,tirupati,imphal,April-25-2016
225,archana,h,deshmukh,female,archanagk@yahoo.com,9764576484,gangapur park  tirupati,September-3-1957,tirupati,gangtok,April-5-2015
226,seema,dipak,patil,female,semmareena@gmail.com,9757573946,bhakti siddhi apartment  manglore,September-25-1961,manglore,imphal,April-25-2016
227,selena,justin,gomez,female,selenaactress@gmail.com,9782494327,divya apartment  manglore,January-9-1976,manglore,imphal,April-25-2016
228,krushna,t,patel,male,krushnz.katz64@yahoo.com,9876584685,devendra society  manglore,December-7-1988,manglore,mumbai,April-25-2016
229,samson,sunil,wartika,male,samy.sunil76@hotmail.com,9675868468,manorama palace  manglore,April-10-1989,manglore,mumbai,April-25-2016
230,anthony,christ,gonzalvez,male,anthonyrokda@gmail.com,9451688765,palimar apartment  manglore,July-18-1985,manglore,agra,April-26-2016
231,akbar,s,zamani,male,akbarroadpati@hotmail.com,9786404388,ruksar society  hyderabad,September-15-2002,hyderabad,goa,April-26-2016
232,kelvin,galvin,rodrigues,male,kelvin.roddy@gmail.com,9798886498,nidhi apartment  hyderabad,October-16-1998,hyderabad,goa,April-26-2016
233,kevin,sunil,wartika,male,kevinsunil.tk76@hotmail.com,9876484655,ramnik apartment  hyderabad,November-9-1974,hyderabad,vadodara,September-18-2016
234,sunil,vinit,mahajan,male,sunilmahajan@hotmail.com,9788888558,gangamai society  hyderabad,November-30-1957,hyderabad,vadodara,September-18-2016
235,shanti,vedant,kumar,female,shantikumar@yahoo.com,8502026483,gulmohor society  hyderabad,September-22-1965,hyderabad,ahmedabad,June-22-2016
236,sudhir,hemant,thorat,male,hemantsudhir@hotmail.com,9876453801,godavari society  delhi,January-9-1955,delhi,ahmedabad,June-22-2016
237,manisha,sudhir,bhede,female,manishasakshi@yahoo.com,9057640592,kutubminar  delhi,December-7-1985,delhi,gangtok,April-26-2016
238,ashok,digambar,jawale,male,ashokjawale@yahoo.com,8567561024,akshar tower  mumbai,April-30-1989,mumbai,shillong,April-26-2016
239,alka,ulhas,kale,female,alka.ulhas@hotmail.com,9076486485,someshwar residency  mumbai,July-28-1987,mumbai,srinagar,May-22-2016
240,warren,justin,stone,male,warren.peter@gmail.com,9856568384,12  square house  goa,September-5-2007,goa,allahabad,April-26-2016
241,kristen,jackson,stewart,female,kristen.stewart@hotmail.com,9837846484,26  matrix apartment  goa,October-26-1997,goa,allahabad,April-26-2016
242,emma,jackiee,geller,female,ema.gellar@hotmail.com,7638492730,18  central perk  goa,November-19-1973,goa,mumbai,November-22-2016
243,scarlet,kevin,jones,female,scarletjones@gmail.com,9839272947,akshara colony  bhopal,November-23-1957,bhopal,tirupati,November-11-2016
244,priyanka,yogesh,bhangale,female,pbhangale@gamil.com,9563214782,ridshikesh society  bhopal,December-12-1961,bhopal,chennai,November-11-2016
245,shiv,mahadev,shukla,male,sshukla@hotmail.com,7894561238,nandini apartment  bhopal,February-28-1990,bhopal,tirupati,November-23-2016
246,gauri,shiv,shukla,female,gaurideshpande@gmail.com,8456971235,12  tridev society  bhopal,November-17-2001,bhopal,chennai,November-24-2016
247,rashmi,kaur,multani,female,rashmi.multani@gmail.com,9837371749,xyz pind  amritsar,October-7-1964,amritsar,banglore,June-13-2016
248,preet,d,kaur,female,prem.eknath@hotmail.com,7569842312,41  green avenue  amritsar,September-15-2002,amritsar,banglore,July-10-2016
249,mia,kaur,khan,female,miakhan@yahoo.com,7556422318,rose avenue  amritsar,October-16-1998,amritsar,nagpur,August-18-2016
250,deepak,s,singh,male,deepak434@gmail.com,8899556642,malbar hill tower  amritsar,November-9-1974,amritsar,nagpur,April-19-2016
251,raj,rajeev,singh,male,rajthakre@yahoo.com,7778889955,krishna square  shivla lane  amritsar,November-30-1957,amritsar,kochi,December-10-2016
252,ram,yash,kapoor,male,ramcharan@hotmail.com,7568941286,ranjit avenue  balmandir road  amritsar,October-22-1965,amritsar,kochi,February-10-2016
253,priya,ram,kapoor,male,priyakapoor@gmail.com,9564123874,27  navi fali  surat,November-9-1955,surat,goa,June-10-2016
254,sita,yash,kapoor,male,sitagita@yahoo.com,7569123458,12  jiviba park  bharat char rasta  surat,May-7-1985,surat,madurai,October-20-2016
255,yash,ram,kapoor,male,yashkapoor@gmail.com,9851236472,7  gandhi kutir  canal rd  surat,March-30-1989,surat,tirupati,July-18-2016
256,yuvaan,rahul,ahuja,male,yuvaanyoyo@gmail.com,8034569210,nalanda society  surat,June-28-1987,surat,tiruvanthapuram,May-20-2016
257,roshan,singh,sodhi,male,roshankumar@gmail.com,8320146975,karamyogi society  surat,May-5-2007,surat,tiruvanthapuram,March-21-2016
258,leena,mayur,shah,female,mayur23@hotmail.com,8013456972,laipham sipahi park  imphal,March-26-1997,Imphal,diu,August-10-2016
259,leena,mayur,shaw,female,leenashaw@gmail.com,9012365478,12  raj bhavan  imphal,January-19-1973,Imphal,diu,August-10-2016
260,simran,rakesh,arora,female,aryamanrakesh@yahoo.com,7630124503,nirmala society  imphal,January-23-1957,Imphal,diu,April-30-2016
261,aryaman,rakesh,arora,male,aryamanrakesh@yahoo.com,8012763481,kangala residency  imphal,February-12-1961,Imphal,mumbai,April-30-2016
262,anikit,jaideep,vig,male,ankitjaideep@gmail.com,7301548920,nandavan society  vadodara,August-29-1990,vadodara,mumbai,April-30-2016
263,asha,jaideep,vig,female,ashasingh@hotmail.com,8923014567,shantivan society  vadodara,July-17-2001,vadodara,banglore,April-30-2016
264,rahul,rohan,singh,female,rahulsingh@hotmail.com,8920314568,gowardhan van  vadodara,December-17-1964,vadodara,banglore,April-30-2016
265,Rohan,rahul,Kamat,male,roshankumar@gmail.com,9562143021,yantrika society  vadodara,February-7-1995,vadodara,jaipur,April-30-2016
266,Shraddha,Ashok,Shanbhag,female,shraddhashanbag@gmail.com,8623154001,anandvan society  vadodara,September-15-2002,vadodara,jaipur,April-30-2016
267,Akshita,rahul,Chawla,female,akshita32433@hotmail.com,8623000014,triveni park  diu,October-24-1998,diu,chennai,September-20-2016
268,Gaurav,kiran,Parmar,male,gaurideshpande@gmail.com,8462189301,14  hemala apartment  diu,November-9-1971,diu,chennai,September-20-2016
269,Priyanka,rajendraprasad,Yenagandula,female,priyanka34@hotmailcom,7956301245,gopinath society  diu,September-3-1957,diu,coimbatore,September-20-2016
270,Ayush,Akhilesh,Shukla,male,ayushshukla@gmail.com,8023456758,kudapuzha  kazakode,September-25-1961,kazakode,coimbatore,September-20-2016
271,Rucha,arun,save,female,ruchasave@gmail.com,8678908765,manjur  richur,March-9-1976,trichur,kolkata,September-20-2016
